user_id,product_id,category_id,brand_id,view_count,add_to_cart_count,wishlist_count,purchase_count,review_count,interaction_count,interaction_score,last_interaction_at
1,53,7,1,1,0,0,0,0,1,1,Sat Apr 04 2026 16:30:23 GMT+0700 (Indochina Time)
1,124,14,24,0,0,0,1,0,1,6,Sat Apr 04 2026 16:30:23 GMT+0700 (Indochina Time)
1,86,10,8,1,0,0,0,0,1,1,Sat Apr 04 2026 16:30:24 GMT+0700 (Indochina Time)
1,166,19,7,1,0,0,0,0,1,1,Sat Apr 04 2026 16:30:24 GMT+0700 (Indochina Time)
1,140,17,1,0,0,1,0,0,1,4,Sat Apr 04 2026 16:30:24 GMT+0700 (Indochina Time)
1,6,2,1,0,1,0,0,0,1,3,Sat Apr 04 2026 16:30:25 GMT+0700 (Indochina Time)
2,118,14,5,1,0,0,0,0,1,1,Sat Apr 04 2026 16:30:23 GMT+0700 (Indochina Time)
2,98,12,23,0,0,0,1,0,1,6,Sat Apr 04 2026 16:30:24 GMT+0700 (Indochina Time)
2,196,23,14,0,0,1,0,0,1,4,Sat Apr 04 2026 16:30:24 GMT+0700 (Indochina Time)
2,142,17,1,0,0,1,0,0,1,4,Sat Apr 04 2026 16:30:24 GMT+0700 (Indochina Time)
2,61,8,5,1,0,0,0,0,1,1,Sat Apr 04 2026 16:30:24 GMT+0700 (Indochina Time)
2,14,3,2,0,1,0,0,0,1,3,Sat Apr 04 2026 16:30:25 GMT+0700 (Indochina Time)
2,56,7,1,1,0,0,0,0,1,1,Sat Apr 04 2026 16:30:25 GMT+0700 (Indochina Time)
2,145,17,1,1,0,0,0,0,1,1,Sat Apr 04 2026 16:30:25 GMT+0700 (Indochina Time)
2,37,5,18,0,1,0,0,0,1,3,Sat Apr 04 2026 16:30:25 GMT+0700 (Indochina Time)
3,9,2,1,0,0,0,1,0,1,6,Sat Apr 04 2026 16:30:23 GMT+0700 (Indochina Time)
3,77,10,5,1,0,0,0,0,1,1,Sat Apr 04 2026 16:30:24 GMT+0700 (Indochina Time)
3,107,13,23,1,0,0,0,0,1,1,Sat Apr 04 2026 16:30:24 GMT+0700 (Indochina Time)
4,20,3,2,0,1,0,0,0,1,3,Sat Apr 04 2026 16:30:24 GMT+0700 (Indochina Time)
4,9,2,1,0,1,0,0,0,1,3,Sat Apr 04 2026 16:30:24 GMT+0700 (Indochina Time)
4,148,17,1,0,1,0,0,0,1,3,Sat Apr 04 2026 16:30:24 GMT+0700 (Indochina Time)
4,49,7,1,0,0,0,1,0,1,6,Sat Apr 04 2026 16:30:24 GMT+0700 (Indochina Time)
4,207,24,16,0,0,1,0,0,1,4,Sat Apr 04 2026 16:30:25 GMT+0700 (Indochina Time)
4,93,11,5,0,0,1,0,0,1,4,Sat Apr 04 2026 16:30:25 GMT+0700 (Indochina Time)
4,38,5,4,0,0,1,0,0,1,4,Sat Apr 04 2026 16:30:25 GMT+0700 (Indochina Time)
4,111,13,23,1,0,0,0,0,1,1,Sat Apr 04 2026 16:30:25 GMT+0700 (Indochina Time)
4,74,9,8,0,0,1,0,0,1,4,Sat Apr 04 2026 16:30:25 GMT+0700 (Indochina Time)
5,144,17,1,0,0,0,1,0,1,6,Sat Apr 04 2026 16:30:23 GMT+0700 (Indochina Time)
5,140,17,1,1,0,0,0,0,1,1,Sat Apr 04 2026 16:30:24 GMT+0700 (Indochina Time)
5,187,22,15,0,0,0,1,0,1,6,Sat Apr 04 2026 16:30:25 GMT+0700 (Indochina Time)
6,129,15,9,0,0,0,1,0,1,6,Sat Apr 04 2026 16:30:23 GMT+0700 (Indochina Time)
6,96,11,11,1,0,0,0,0,1,1,Sat Apr 04 2026 16:30:23 GMT+0700 (Indochina Time)
6,43,5,4,0,1,0,0,0,1,3,Sat Apr 04 2026 16:30:24 GMT+0700 (Indochina Time)
7,59,8,9,0,0,1,0,0,1,4,Sat Apr 04 2026 16:30:24 GMT+0700 (Indochina Time)
7,168,19,3,1,0,0,0,0,1,1,Sat Apr 04 2026 16:30:24 GMT+0700 (Indochina Time)
7,33,4,3,0,1,0,0,0,1,3,Sat Apr 04 2026 16:30:24 GMT+0700 (Indochina Time)
7,18,3,2,1,0,0,0,0,1,1,Sat Apr 04 2026 16:30:25 GMT+0700 (Indochina Time)
7,125,14,5,0,0,1,0,0,1,4,Sat Apr 04 2026 16:30:25 GMT+0700 (Indochina Time)
8,127,15,5,0,0,1,0,0,1,4,Sat Apr 04 2026 16:30:24 GMT+0700 (Indochina Time)
8,187,22,15,1,0,0,0,0,1,1,Sat Apr 04 2026 16:30:25 GMT+0700 (Indochina Time)
8,62,8,8,0,0,0,1,0,1,6,Sat Apr 04 2026 16:30:25 GMT+0700 (Indochina Time)
8,204,24,1,0,0,1,0,0,1,4,Sat Apr 04 2026 16:30:25 GMT+0700 (Indochina Time)
8,76,9,6,1,0,0,0,0,1,1,Sat Apr 04 2026 16:30:25 GMT+0700 (Indochina Time)
8,113,13,23,1,0,0,0,0,1,1,Sat Apr 04 2026 16:30:25 GMT+0700 (Indochina Time)
8,196,23,14,1,0,0,0,0,1,1,Sat Apr 04 2026 16:30:25 GMT+0700 (Indochina Time)
8,168,19,3,1,0,0,0,0,1,1,Sat Apr 04 2026 16:30:25 GMT+0700 (Indochina Time)
9,179,20,3,1,0,0,0,0,1,1,Sat Apr 04 2026 16:30:23 GMT+0700 (Indochina Time)
9,177,20,17,1,0,0,0,0,1,1,Sat Apr 04 2026 16:30:23 GMT+0700 (Indochina Time)
9,130,15,12,1,0,0,0,0,1,1,Sat Apr 04 2026 16:30:23 GMT+0700 (Indochina Time)
9,125,14,5,0,1,0,0,0,1,3,Sat Apr 04 2026 16:30:24 GMT+0700 (Indochina Time)
9,63,8,6,0,0,1,0,0,1,4,Sat Apr 04 2026 16:30:24 GMT+0700 (Indochina Time)
9,115,13,23,0,0,1,0,0,1,4,Sat Apr 04 2026 16:30:25 GMT+0700 (Indochina Time)
9,41,5,19,1,0,0,0,0,1,1,Sat Apr 04 2026 16:30:25 GMT+0700 (Indochina Time)
9,122,14,5,0,0,0,1,0,1,6,Sat Apr 04 2026 16:30:25 GMT+0700 (Indochina Time)
10,124,14,24,0,1,0,1,0,2,9,Sat Apr 04 2026 16:30:24 GMT+0700 (Indochina Time)
10,33,4,3,1,0,0,0,0,1,1,Sat Apr 04 2026 16:30:23 GMT+0700 (Indochina Time)
10,168,19,3,0,0,1,0,0,1,4,Sat Apr 04 2026 16:30:24 GMT+0700 (Indochina Time)
10,50,7,1,1,0,0,0,0,1,1,Sat Apr 04 2026 16:30:24 GMT+0700 (Indochina Time)
10,157,18,18,0,0,1,0,0,1,4,Sat Apr 04 2026 16:30:24 GMT+0700 (Indochina Time)
10,213,25,23,0,0,1,0,0,1,4,Sat Apr 04 2026 16:30:24 GMT+0700 (Indochina Time)
10,210,24,16,0,0,0,1,0,1,6,Sat Apr 04 2026 16:30:24 GMT+0700 (Indochina Time)
10,13,2,1,0,0,0,1,0,1,6,Sat Apr 04 2026 16:30:24 GMT+0700 (Indochina Time)
10,211,24,2,1,0,0,0,0,1,1,Sat Apr 04 2026 16:30:24 GMT+0700 (Indochina Time)
10,8,2,1,0,1,0,0,0,1,3,Sat Apr 04 2026 16:30:25 GMT+0700 (Indochina Time)
10,77,10,5,0,1,0,0,0,1,3,Sat Apr 04 2026 16:30:25 GMT+0700 (Indochina Time)
10,112,13,23,0,0,1,0,0,1,4,Sat Apr 04 2026 16:30:25 GMT+0700 (Indochina Time)
11,53,7,1,0,0,0,1,0,1,6,Sat Apr 04 2026 16:30:23 GMT+0700 (Indochina Time)
11,21,3,2,0,0,0,1,0,1,6,Sat Apr 04 2026 16:30:23 GMT+0700 (Indochina Time)
11,31,4,3,0,0,0,1,0,1,6,Sat Apr 04 2026 16:30:23 GMT+0700 (Indochina Time)
11,84,10,5,0,0,1,0,0,1,4,Sat Apr 04 2026 16:30:25 GMT+0700 (Indochina Time)
11,14,3,2,1,0,0,0,0,1,1,Sat Apr 04 2026 16:30:25 GMT+0700 (Indochina Time)
11,7,2,1,0,0,1,0,0,1,4,Sat Apr 04 2026 16:30:25 GMT+0700 (Indochina Time)
11,180,21,23,0,0,1,0,0,1,4,Sat Apr 04 2026 16:30:25 GMT+0700 (Indochina Time)
12,46,6,23,0,0,1,0,0,1,4,Sat Apr 04 2026 16:30:23 GMT+0700 (Indochina Time)
12,215,25,23,0,0,1,0,0,1,4,Sat Apr 04 2026 16:30:23 GMT+0700 (Indochina Time)
12,54,7,1,0,1,0,0,0,1,3,Sat Apr 04 2026 16:30:23 GMT+0700 (Indochina Time)
12,57,8,7,0,1,0,0,0,1,3,Sat Apr 04 2026 16:30:23 GMT+0700 (Indochina Time)
12,99,12,23,0,0,0,1,0,1,6,Sat Apr 04 2026 16:30:24 GMT+0700 (Indochina Time)
12,164,19,2,1,0,0,0,0,1,1,Sat Apr 04 2026 16:30:24 GMT+0700 (Indochina Time)
12,161,19,27,1,0,0,0,0,1,1,Sat Apr 04 2026 16:30:24 GMT+0700 (Indochina Time)
12,126,14,25,1,0,0,0,0,1,1,Sat Apr 04 2026 16:30:24 GMT+0700 (Indochina Time)
12,177,20,17,1,0,0,0,0,1,1,Sat Apr 04 2026 16:30:25 GMT+0700 (Indochina Time)
12,39,5,5,1,0,0,0,0,1,1,Sat Apr 04 2026 16:30:25 GMT+0700 (Indochina Time)
12,134,15,11,1,0,0,0,0,1,1,Sat Apr 04 2026 16:30:25 GMT+0700 (Indochina Time)
13,31,4,3,0,0,0,1,0,1,6,Sat Apr 04 2026 16:30:24 GMT+0700 (Indochina Time)
13,125,14,5,1,0,0,0,0,1,1,Sat Apr 04 2026 16:30:25 GMT+0700 (Indochina Time)
14,14,3,2,0,1,0,0,0,1,3,Sat Apr 04 2026 16:30:23 GMT+0700 (Indochina Time)
14,100,12,23,0,0,0,1,0,1,6,Sat Apr 04 2026 16:30:24 GMT+0700 (Indochina Time)
15,142,17,1,1,0,0,0,0,1,1,Sat Apr 04 2026 16:30:24 GMT+0700 (Indochina Time)
15,43,5,4,1,0,0,0,0,1,1,Sat Apr 04 2026 16:30:25 GMT+0700 (Indochina Time)
15,136,15,12,0,0,0,1,0,1,6,Sat Apr 04 2026 16:30:25 GMT+0700 (Indochina Time)
16,178,20,3,0,1,0,0,0,1,3,Sat Apr 04 2026 16:30:25 GMT+0700 (Indochina Time)
17,26,4,3,0,0,0,1,0,1,6,Sat Apr 04 2026 16:30:23 GMT+0700 (Indochina Time)
18,122,14,5,1,0,0,0,0,1,1,Sat Apr 04 2026 16:30:23 GMT+0700 (Indochina Time)
18,34,5,18,1,0,0,0,0,1,1,Sat Apr 04 2026 16:30:24 GMT+0700 (Indochina Time)
18,144,17,1,1,0,0,0,0,1,1,Sat Apr 04 2026 16:30:24 GMT+0700 (Indochina Time)
18,193,23,17,0,1,0,0,0,1,3,Sat Apr 04 2026 16:30:25 GMT+0700 (Indochina Time)
18,130,15,12,0,1,0,0,0,1,3,Sat Apr 04 2026 16:30:25 GMT+0700 (Indochina Time)
18,11,2,1,0,0,0,1,0,1,6,Sat Apr 04 2026 16:30:25 GMT+0700 (Indochina Time)
18,190,22,2,1,0,0,0,0,1,1,Sat Apr 04 2026 16:30:25 GMT+0700 (Indochina Time)
19,178,20,3,0,0,1,0,0,1,4,Sat Apr 04 2026 16:30:23 GMT+0700 (Indochina Time)
20,86,10,8,1,0,0,0,0,1,1,Sat Apr 04 2026 16:30:23 GMT+0700 (Indochina Time)
20,133,15,9,1,0,0,0,0,1,1,Sat Apr 04 2026 16:30:24 GMT+0700 (Indochina Time)
20,209,24,17,1,0,0,0,0,1,1,Sat Apr 04 2026 16:30:24 GMT+0700 (Indochina Time)
20,137,16,23,0,0,0,1,0,1,6,Sat Apr 04 2026 16:30:24 GMT+0700 (Indochina Time)
20,21,3,2,0,1,0,0,0,1,3,Sat Apr 04 2026 16:30:24 GMT+0700 (Indochina Time)
20,77,10,5,1,0,0,0,0,1,1,Sat Apr 04 2026 16:30:25 GMT+0700 (Indochina Time)
21,107,13,23,0,1,0,0,0,1,3,Sat Apr 04 2026 16:30:23 GMT+0700 (Indochina Time)
21,124,14,24,0,0,0,1,0,1,6,Sat Apr 04 2026 16:30:23 GMT+0700 (Indochina Time)
21,133,15,9,0,1,0,0,0,1,3,Sat Apr 04 2026 16:30:24 GMT+0700 (Indochina Time)
22,49,7,1,1,0,0,0,0,1,1,Sat Apr 04 2026 16:30:24 GMT+0700 (Indochina Time)
22,113,13,23,0,1,0,0,0,1,3,Sat Apr 04 2026 16:30:24 GMT+0700 (Indochina Time)
22,76,9,6,0,0,1,0,0,1,4,Sat Apr 04 2026 16:30:24 GMT+0700 (Indochina Time)
22,144,17,1,1,0,0,0,0,1,1,Sat Apr 04 2026 16:30:24 GMT+0700 (Indochina Time)
22,59,8,9,0,0,0,1,0,1,6,Sat Apr 04 2026 16:30:24 GMT+0700 (Indochina Time)
22,53,7,1,1,0,0,0,0,1,1,Sat Apr 04 2026 16:30:24 GMT+0700 (Indochina Time)
22,133,15,9,1,0,0,0,0,1,1,Sat Apr 04 2026 16:30:25 GMT+0700 (Indochina Time)
22,90,11,12,1,0,0,0,0,1,1,Sat Apr 04 2026 16:30:25 GMT+0700 (Indochina Time)
22,111,13,23,0,1,0,0,0,1,3,Sat Apr 04 2026 16:30:25 GMT+0700 (Indochina Time)
23,149,17,1,1,0,0,0,0,1,1,Sat Apr 04 2026 16:30:23 GMT+0700 (Indochina Time)
23,9,2,1,1,0,0,0,0,1,1,Sat Apr 04 2026 16:30:23 GMT+0700 (Indochina Time)
23,8,2,1,0,1,0,0,0,1,3,Sat Apr 04 2026 16:30:23 GMT+0700 (Indochina Time)
23,157,18,18,0,0,1,0,0,1,4,Sat Apr 04 2026 16:30:24 GMT+0700 (Indochina Time)
23,165,19,7,0,0,1,0,0,1,4,Sat Apr 04 2026 16:30:25 GMT+0700 (Indochina Time)
24,59,8,9,0,0,1,0,0,1,4,Sat Apr 04 2026 16:30:23 GMT+0700 (Indochina Time)
24,12,2,1,0,1,0,0,0,1,3,Sat Apr 04 2026 16:30:23 GMT+0700 (Indochina Time)
24,93,11,5,0,0,1,0,0,1,4,Sat Apr 04 2026 16:30:23 GMT+0700 (Indochina Time)
24,69,9,6,1,0,0,0,0,1,1,Sat Apr 04 2026 16:30:23 GMT+0700 (Indochina Time)
24,158,18,7,0,0,0,1,0,1,6,Sat Apr 04 2026 16:30:24 GMT+0700 (Indochina Time)
24,22,3,2,0,0,0,1,0,1,6,Sat Apr 04 2026 16:30:24 GMT+0700 (Indochina Time)
24,74,9,8,0,1,0,0,0,1,3,Sat Apr 04 2026 16:30:24 GMT+0700 (Indochina Time)
24,148,17,1,0,0,1,0,0,1,4,Sat Apr 04 2026 16:30:25 GMT+0700 (Indochina Time)
24,180,21,23,1,0,0,0,0,1,1,Sat Apr 04 2026 16:30:25 GMT+0700 (Indochina Time)
24,183,22,2,1,0,0,0,0,1,1,Sat Apr 04 2026 16:30:25 GMT+0700 (Indochina Time)
24,160,19,2,0,1,0,0,0,1,3,Sat Apr 04 2026 16:30:25 GMT+0700 (Indochina Time)
25,72,9,10,0,0,0,1,0,1,6,Sat Apr 04 2026 16:30:23 GMT+0700 (Indochina Time)
25,62,8,8,1,0,0,0,0,1,1,Sat Apr 04 2026 16:30:24 GMT+0700 (Indochina Time)
25,66,8,8,1,0,0,0,0,1,1,Sat Apr 04 2026 16:30:24 GMT+0700 (Indochina Time)
25,58,8,8,0,0,0,1,0,1,6,Sat Apr 04 2026 16:30:25 GMT+0700 (Indochina Time)
25,165,19,7,1,0,0,0,0,1,1,Sat Apr 04 2026 16:30:25 GMT+0700 (Indochina Time)
26,66,8,8,1,0,0,0,0,1,1,Sat Apr 04 2026 16:30:24 GMT+0700 (Indochina Time)
26,177,20,17,0,0,0,1,0,1,6,Sat Apr 04 2026 16:30:25 GMT+0700 (Indochina Time)
26,139,16,23,0,0,1,0,0,1,4,Sat Apr 04 2026 16:30:25 GMT+0700 (Indochina Time)
26,11,2,1,0,0,1,0,0,1,4,Sat Apr 04 2026 16:30:25 GMT+0700 (Indochina Time)
27,138,16,23,1,0,0,0,0,1,1,Sat Apr 04 2026 16:30:24 GMT+0700 (Indochina Time)
27,1,1,23,0,0,0,1,0,1,6,Sat Apr 04 2026 16:30:25 GMT+0700 (Indochina Time)
28,138,16,23,0,0,1,0,0,1,4,Sat Apr 04 2026 16:30:24 GMT+0700 (Indochina Time)
29,184,22,15,1,0,0,0,0,1,1,Sat Apr 04 2026 16:30:23 GMT+0700 (Indochina Time)
29,5,2,1,0,0,0,1,0,1,6,Sat Apr 04 2026 16:30:23 GMT+0700 (Indochina Time)
29,199,23,15,0,0,1,0,0,1,4,Sat Apr 04 2026 16:30:23 GMT+0700 (Indochina Time)
29,100,12,23,0,0,0,1,0,1,6,Sat Apr 04 2026 16:30:24 GMT+0700 (Indochina Time)
29,204,24,1,0,1,0,0,0,1,3,Sat Apr 04 2026 16:30:24 GMT+0700 (Indochina Time)
29,97,12,23,1,0,0,0,0,1,1,Sat Apr 04 2026 16:30:25 GMT+0700 (Indochina Time)
29,77,10,5,0,0,1,0,0,1,4,Sat Apr 04 2026 16:30:25 GMT+0700 (Indochina Time)
29,134,15,11,1,0,0,0,0,1,1,Sat Apr 04 2026 16:30:25 GMT+0700 (Indochina Time)
29,143,17,1,0,0,1,0,0,1,4,Sat Apr 04 2026 16:30:25 GMT+0700 (Indochina Time)
29,164,19,2,0,0,0,1,0,1,6,Sat Apr 04 2026 16:30:25 GMT+0700 (Indochina Time)
29,140,17,1,0,1,0,0,0,1,3,Sat Apr 04 2026 16:30:25 GMT+0700 (Indochina Time)
29,29,4,3,0,1,0,0,0,1,3,Sat Apr 04 2026 16:30:25 GMT+0700 (Indochina Time)
30,92,11,11,0,0,1,0,0,1,4,Sat Apr 04 2026 16:30:25 GMT+0700 (Indochina Time)
30,84,10,5,0,0,1,0,0,1,4,Sat Apr 04 2026 16:30:25 GMT+0700 (Indochina Time)
31,9,2,1,1,0,0,0,0,1,1,Sat Apr 04 2026 16:30:24 GMT+0700 (Indochina Time)
31,1,1,23,1,0,0,0,0,1,1,Sat Apr 04 2026 16:30:25 GMT+0700 (Indochina Time)
32,56,7,1,1,0,0,0,0,1,1,Sat Apr 04 2026 16:30:24 GMT+0700 (Indochina Time)
32,9,2,1,1,0,0,0,0,1,1,Sat Apr 04 2026 16:30:24 GMT+0700 (Indochina Time)
32,168,19,3,0,0,1,0,0,1,4,Sat Apr 04 2026 16:30:25 GMT+0700 (Indochina Time)
32,129,15,9,0,0,1,0,0,1,4,Sat Apr 04 2026 16:30:25 GMT+0700 (Indochina Time)
32,156,18,3,1,0,0,0,0,1,1,Sat Apr 04 2026 16:30:25 GMT+0700 (Indochina Time)
33,122,14,5,0,1,0,0,0,1,3,Sat Apr 04 2026 16:30:23 GMT+0700 (Indochina Time)
33,177,20,17,1,0,0,0,0,1,1,Sat Apr 04 2026 16:30:23 GMT+0700 (Indochina Time)
33,88,11,2,0,1,0,0,0,1,3,Sat Apr 04 2026 16:30:23 GMT+0700 (Indochina Time)
33,81,10,5,0,0,1,0,0,1,4,Sat Apr 04 2026 16:30:23 GMT+0700 (Indochina Time)
33,85,10,7,0,0,0,1,0,1,6,Sat Apr 04 2026 16:30:24 GMT+0700 (Indochina Time)
33,116,13,23,0,1,0,0,0,1,3,Sat Apr 04 2026 16:30:24 GMT+0700 (Indochina Time)
33,210,24,16,1,0,0,0,0,1,1,Sat Apr 04 2026 16:30:24 GMT+0700 (Indochina Time)
33,191,22,15,1,0,0,0,0,1,1,Sat Apr 04 2026 16:30:24 GMT+0700 (Indochina Time)
33,37,5,18,1,0,0,0,0,1,1,Sat Apr 04 2026 16:30:24 GMT+0700 (Indochina Time)
33,200,23,15,1,0,0,0,0,1,1,Sat Apr 04 2026 16:30:24 GMT+0700 (Indochina Time)
33,117,14,5,1,0,0,0,0,1,1,Sat Apr 04 2026 16:30:25 GMT+0700 (Indochina Time)
33,140,17,1,1,0,0,0,0,1,1,Sat Apr 04 2026 16:30:25 GMT+0700 (Indochina Time)
34,84,10,5,0,0,0,1,0,1,6,Sat Apr 04 2026 16:30:23 GMT+0700 (Indochina Time)
34,136,15,12,1,0,0,0,0,1,1,Sat Apr 04 2026 16:30:23 GMT+0700 (Indochina Time)
34,149,17,1,1,0,0,0,0,1,1,Sat Apr 04 2026 16:30:23 GMT+0700 (Indochina Time)
34,127,15,5,1,0,0,0,0,1,1,Sat Apr 04 2026 16:30:23 GMT+0700 (Indochina Time)
34,102,12,23,0,1,0,0,0,1,3,Sat Apr 04 2026 16:30:24 GMT+0700 (Indochina Time)
34,54,7,1,0,1,0,0,0,1,3,Sat Apr 04 2026 16:30:25 GMT+0700 (Indochina Time)
34,140,17,1,1,0,0,0,0,1,1,Sat Apr 04 2026 16:30:25 GMT+0700 (Indochina Time)
34,63,8,6,0,0,0,1,0,1,6,Sat Apr 04 2026 16:30:25 GMT+0700 (Indochina Time)
34,34,5,18,1,0,0,0,0,1,1,Sat Apr 04 2026 16:30:25 GMT+0700 (Indochina Time)
34,98,12,23,0,0,0,1,0,1,6,Sat Apr 04 2026 16:30:25 GMT+0700 (Indochina Time)
35,20,3,2,1,0,0,1,0,2,7,Sat Apr 04 2026 16:30:25 GMT+0700 (Indochina Time)
35,13,2,1,1,0,0,0,0,1,1,Sat Apr 04 2026 16:30:23 GMT+0700 (Indochina Time)
35,134,15,11,0,0,0,1,0,1,6,Sat Apr 04 2026 16:30:23 GMT+0700 (Indochina Time)
35,163,19,27,0,0,0,1,0,1,6,Sat Apr 04 2026 16:30:23 GMT+0700 (Indochina Time)
35,35,5,5,0,0,0,1,0,1,6,Sat Apr 04 2026 16:30:24 GMT+0700 (Indochina Time)
35,198,23,14,0,0,1,0,0,1,4,Sat Apr 04 2026 16:30:24 GMT+0700 (Indochina Time)
35,23,3,2,0,0,1,0,0,1,4,Sat Apr 04 2026 16:30:25 GMT+0700 (Indochina Time)
35,203,24,17,0,1,0,0,0,1,3,Sat Apr 04 2026 16:30:25 GMT+0700 (Indochina Time)
35,50,7,1,0,0,1,0,0,1,4,Sat Apr 04 2026 16:30:25 GMT+0700 (Indochina Time)
36,167,19,3,0,0,0,1,0,1,6,Sat Apr 04 2026 16:30:24 GMT+0700 (Indochina Time)
36,119,14,25,1,0,0,0,0,1,1,Sat Apr 04 2026 16:30:24 GMT+0700 (Indochina Time)
37,207,24,16,0,0,0,1,0,1,6,Sat Apr 04 2026 16:30:23 GMT+0700 (Indochina Time)
37,41,5,19,0,0,0,1,0,1,6,Sat Apr 04 2026 16:30:24 GMT+0700 (Indochina Time)
37,98,12,23,0,0,1,0,0,1,4,Sat Apr 04 2026 16:30:24 GMT+0700 (Indochina Time)
37,118,14,5,0,0,1,0,0,1,4,Sat Apr 04 2026 16:30:24 GMT+0700 (Indochina Time)
37,124,14,24,1,0,0,0,0,1,1,Sat Apr 04 2026 16:30:24 GMT+0700 (Indochina Time)
37,132,15,2,1,0,0,0,0,1,1,Sat Apr 04 2026 16:30:24 GMT+0700 (Indochina Time)
37,172,20,7,0,0,1,0,0,1,4,Sat Apr 04 2026 16:30:25 GMT+0700 (Indochina Time)
38,187,22,15,0,0,1,0,0,1,4,Sat Apr 04 2026 16:30:24 GMT+0700 (Indochina Time)
38,101,12,23,0,1,0,0,0,1,3,Sat Apr 04 2026 16:30:25 GMT+0700 (Indochina Time)
39,24,4,3,0,1,0,0,0,1,3,Sat Apr 04 2026 16:30:23 GMT+0700 (Indochina Time)
39,98,12,23,0,0,0,1,0,1,6,Sat Apr 04 2026 16:30:24 GMT+0700 (Indochina Time)
39,33,4,3,1,0,0,0,0,1,1,Sat Apr 04 2026 16:30:25 GMT+0700 (Indochina Time)
39,3,1,23,0,0,1,0,0,1,4,Sat Apr 04 2026 16:30:25 GMT+0700 (Indochina Time)
39,192,22,13,0,0,1,0,0,1,4,Sat Apr 04 2026 16:30:25 GMT+0700 (Indochina Time)
39,10,2,1,0,0,0,1,0,1,6,Sat Apr 04 2026 16:30:25 GMT+0700 (Indochina Time)
40,139,16,23,0,0,0,1,0,1,6,Sat Apr 04 2026 16:30:24 GMT+0700 (Indochina Time)
40,194,23,13,1,0,0,0,0,1,1,Sat Apr 04 2026 16:30:24 GMT+0700 (Indochina Time)
41,64,8,7,0,1,0,0,0,1,3,Sat Apr 04 2026 16:30:24 GMT+0700 (Indochina Time)
41,190,22,2,1,0,0,0,0,1,1,Sat Apr 04 2026 16:30:25 GMT+0700 (Indochina Time)
42,215,25,23,0,1,0,0,0,1,3,Sat Apr 04 2026 16:30:23 GMT+0700 (Indochina Time)
42,47,7,1,0,0,0,1,0,1,6,Sat Apr 04 2026 16:30:24 GMT+0700 (Indochina Time)
42,14,3,2,0,0,0,1,0,1,6,Sat Apr 04 2026 16:30:24 GMT+0700 (Indochina Time)
42,83,10,8,0,0,1,0,0,1,4,Sat Apr 04 2026 16:30:24 GMT+0700 (Indochina Time)
42,27,4,3,0,1,0,0,0,1,3,Sat Apr 04 2026 16:30:25 GMT+0700 (Indochina Time)
42,182,21,23,0,1,0,0,0,1,3,Sat Apr 04 2026 16:30:25 GMT+0700 (Indochina Time)
42,138,16,23,0,0,1,0,0,1,4,Sat Apr 04 2026 16:30:25 GMT+0700 (Indochina Time)
43,155,18,3,0,1,0,0,0,1,3,Sat Apr 04 2026 16:30:25 GMT+0700 (Indochina Time)
44,183,22,2,1,0,1,0,0,2,5,Sat Apr 04 2026 16:30:24 GMT+0700 (Indochina Time)
44,24,4,3,1,0,0,0,0,1,1,Sat Apr 04 2026 16:30:23 GMT+0700 (Indochina Time)
44,163,19,27,0,0,1,0,0,1,4,Sat Apr 04 2026 16:30:23 GMT+0700 (Indochina Time)
44,140,17,1,0,0,1,0,0,1,4,Sat Apr 04 2026 16:30:24 GMT+0700 (Indochina Time)
44,32,4,4,0,0,0,1,0,1,6,Sat Apr 04 2026 16:30:24 GMT+0700 (Indochina Time)
44,59,8,9,0,1,0,0,0,1,3,Sat Apr 04 2026 16:30:24 GMT+0700 (Indochina Time)
44,215,25,23,0,1,0,0,0,1,3,Sat Apr 04 2026 16:30:25 GMT+0700 (Indochina Time)
44,89,11,5,0,0,1,0,0,1,4,Sat Apr 04 2026 16:30:25 GMT+0700 (Indochina Time)
44,61,8,5,0,1,0,0,0,1,3,Sat Apr 04 2026 16:30:25 GMT+0700 (Indochina Time)
44,96,11,11,0,1,0,0,0,1,3,Sat Apr 04 2026 16:30:25 GMT+0700 (Indochina Time)
44,172,20,7,0,1,0,0,0,1,3,Sat Apr 04 2026 16:30:25 GMT+0700 (Indochina Time)
45,84,10,5,0,0,1,0,0,1,4,Sat Apr 04 2026 16:30:23 GMT+0700 (Indochina Time)
45,66,8,8,0,0,1,0,0,1,4,Sat Apr 04 2026 16:30:23 GMT+0700 (Indochina Time)
45,104,12,23,1,0,0,0,0,1,1,Sat Apr 04 2026 16:30:24 GMT+0700 (Indochina Time)
45,31,4,3,1,0,0,0,0,1,1,Sat Apr 04 2026 16:30:24 GMT+0700 (Indochina Time)
45,105,12,23,1,0,0,0,0,1,1,Sat Apr 04 2026 16:30:24 GMT+0700 (Indochina Time)
45,208,24,1,1,0,0,0,0,1,1,Sat Apr 04 2026 16:30:25 GMT+0700 (Indochina Time)
45,102,12,23,1,0,0,0,0,1,1,Sat Apr 04 2026 16:30:25 GMT+0700 (Indochina Time)
45,40,5,19,1,0,0,0,0,1,1,Sat Apr 04 2026 16:30:25 GMT+0700 (Indochina Time)
45,213,25,23,1,0,0,0,0,1,1,Sat Apr 04 2026 16:30:25 GMT+0700 (Indochina Time)
45,209,24,17,0,1,0,0,0,1,3,Sat Apr 04 2026 16:30:25 GMT+0700 (Indochina Time)
45,26,4,3,1,0,0,0,0,1,1,Sat Apr 04 2026 16:30:25 GMT+0700 (Indochina Time)
45,177,20,17,0,0,1,0,0,1,4,Sat Apr 04 2026 16:30:25 GMT+0700 (Indochina Time)
45,30,4,3,1,0,0,0,0,1,1,Sat Apr 04 2026 16:30:25 GMT+0700 (Indochina Time)
46,139,16,23,0,0,0,1,0,1,6,Sat Apr 04 2026 16:30:23 GMT+0700 (Indochina Time)
46,31,4,3,1,0,0,0,0,1,1,Sat Apr 04 2026 16:30:23 GMT+0700 (Indochina Time)
46,110,13,23,0,0,0,1,0,1,6,Sat Apr 04 2026 16:30:23 GMT+0700 (Indochina Time)
46,150,18,18,1,0,0,0,0,1,1,Sat Apr 04 2026 16:30:23 GMT+0700 (Indochina Time)
46,32,4,4,0,0,0,1,0,1,6,Sat Apr 04 2026 16:30:23 GMT+0700 (Indochina Time)
46,185,22,2,0,0,1,0,0,1,4,Sat Apr 04 2026 16:30:23 GMT+0700 (Indochina Time)
46,134,15,11,1,0,0,0,0,1,1,Sat Apr 04 2026 16:30:24 GMT+0700 (Indochina Time)
46,77,10,5,1,0,0,0,0,1,1,Sat Apr 04 2026 16:30:24 GMT+0700 (Indochina Time)
46,95,11,9,1,0,0,0,0,1,1,Sat Apr 04 2026 16:30:25 GMT+0700 (Indochina Time)
46,38,5,4,0,0,0,1,0,1,6,Sat Apr 04 2026 16:30:25 GMT+0700 (Indochina Time)
46,152,18,2,1,0,0,0,0,1,1,Sat Apr 04 2026 16:30:25 GMT+0700 (Indochina Time)
47,170,20,7,0,1,0,0,0,1,3,Sat Apr 04 2026 16:30:23 GMT+0700 (Indochina Time)
47,6,2,1,1,0,0,0,0,1,1,Sat Apr 04 2026 16:30:23 GMT+0700 (Indochina Time)
47,132,15,2,1,0,0,0,0,1,1,Sat Apr 04 2026 16:30:24 GMT+0700 (Indochina Time)
47,140,17,1,0,0,1,0,0,1,4,Sat Apr 04 2026 16:30:24 GMT+0700 (Indochina Time)
47,69,9,6,0,1,0,0,0,1,3,Sat Apr 04 2026 16:30:24 GMT+0700 (Indochina Time)
47,15,3,2,1,0,0,0,0,1,1,Sat Apr 04 2026 16:30:24 GMT+0700 (Indochina Time)
47,99,12,23,1,0,0,0,0,1,1,Sat Apr 04 2026 16:30:25 GMT+0700 (Indochina Time)
47,178,20,3,0,0,0,1,0,1,6,Sat Apr 04 2026 16:30:25 GMT+0700 (Indochina Time)
48,117,14,5,0,0,1,0,0,1,4,Sat Apr 04 2026 16:30:23 GMT+0700 (Indochina Time)
48,53,7,1,0,1,0,0,0,1,3,Sat Apr 04 2026 16:30:23 GMT+0700 (Indochina Time)
48,168,19,3,1,0,0,0,0,1,1,Sat Apr 04 2026 16:30:23 GMT+0700 (Indochina Time)
48,176,20,17,0,0,1,0,0,1,4,Sat Apr 04 2026 16:30:24 GMT+0700 (Indochina Time)
48,151,18,2,0,0,0,1,0,1,6,Sat Apr 04 2026 16:30:24 GMT+0700 (Indochina Time)
48,1,1,23,0,0,0,1,0,1,6,Sat Apr 04 2026 16:30:24 GMT+0700 (Indochina Time)
48,116,13,23,0,0,1,0,0,1,4,Sat Apr 04 2026 16:30:24 GMT+0700 (Indochina Time)
48,95,11,9,0,0,0,1,0,1,6,Sat Apr 04 2026 16:30:25 GMT+0700 (Indochina Time)
48,27,4,3,0,0,0,1,0,1,6,Sat Apr 04 2026 16:30:25 GMT+0700 (Indochina Time)
48,134,15,11,0,1,0,0,0,1,3,Sat Apr 04 2026 16:30:25 GMT+0700 (Indochina Time)
48,9,2,1,0,0,0,1,0,1,6,Sat Apr 04 2026 16:30:25 GMT+0700 (Indochina Time)
48,157,18,18,1,0,0,0,0,1,1,Sat Apr 04 2026 16:30:25 GMT+0700 (Indochina Time)
48,139,16,23,1,0,0,0,0,1,1,Sat Apr 04 2026 16:30:25 GMT+0700 (Indochina Time)
49,154,18,7,0,0,1,0,0,1,4,Sat Apr 04 2026 16:30:24 GMT+0700 (Indochina Time)
49,131,15,12,0,0,0,1,0,1,6,Sat Apr 04 2026 16:30:25 GMT+0700 (Indochina Time)
50,10,2,1,0,0,0,1,0,1,6,Sat Apr 04 2026 16:30:23 GMT+0700 (Indochina Time)
50,43,5,4,1,0,0,0,0,1,1,Sat Apr 04 2026 16:30:23 GMT+0700 (Indochina Time)
50,61,8,5,0,0,1,0,0,1,4,Sat Apr 04 2026 16:30:24 GMT+0700 (Indochina Time)
50,53,7,1,0,0,1,0,0,1,4,Sat Apr 04 2026 16:30:24 GMT+0700 (Indochina Time)
50,77,10,5,1,0,0,0,0,1,1,Sat Apr 04 2026 16:30:24 GMT+0700 (Indochina Time)
50,8,2,1,1,0,0,0,0,1,1,Sat Apr 04 2026 16:30:25 GMT+0700 (Indochina Time)
50,58,8,8,1,0,0,0,0,1,1,Sat Apr 04 2026 16:30:25 GMT+0700 (Indochina Time)
51,187,22,15,1,0,0,0,0,1,1,Sat Apr 04 2026 16:30:23 GMT+0700 (Indochina Time)
51,4,2,1,0,0,1,0,0,1,4,Sat Apr 04 2026 16:30:23 GMT+0700 (Indochina Time)
51,77,10,5,0,1,0,0,0,1,3,Sat Apr 04 2026 16:30:23 GMT+0700 (Indochina Time)
51,64,8,7,1,0,0,0,0,1,1,Sat Apr 04 2026 16:30:23 GMT+0700 (Indochina Time)
51,21,3,2,0,0,1,0,0,1,4,Sat Apr 04 2026 16:30:23 GMT+0700 (Indochina Time)
51,149,17,1,1,0,0,0,0,1,1,Sat Apr 04 2026 16:30:24 GMT+0700 (Indochina Time)
51,167,19,3,0,1,0,0,0,1,3,Sat Apr 04 2026 16:30:24 GMT+0700 (Indochina Time)
51,183,22,2,0,0,0,1,0,1,6,Sat Apr 04 2026 16:30:24 GMT+0700 (Indochina Time)
51,156,18,3,0,0,0,1,0,1,6,Sat Apr 04 2026 16:30:25 GMT+0700 (Indochina Time)
51,87,11,5,0,0,0,1,0,1,6,Sat Apr 04 2026 16:30:25 GMT+0700 (Indochina Time)
51,186,22,1,1,0,0,0,0,1,1,Sat Apr 04 2026 16:30:25 GMT+0700 (Indochina Time)
52,136,15,12,0,0,1,0,0,1,4,Sat Apr 04 2026 16:30:23 GMT+0700 (Indochina Time)
52,105,12,23,0,1,0,0,0,1,3,Sat Apr 04 2026 16:30:23 GMT+0700 (Indochina Time)
52,154,18,7,1,0,0,0,0,1,1,Sat Apr 04 2026 16:30:23 GMT+0700 (Indochina Time)
52,83,10,8,0,0,1,0,0,1,4,Sat Apr 04 2026 16:30:24 GMT+0700 (Indochina Time)
52,206,24,17,0,0,1,0,0,1,4,Sat Apr 04 2026 16:30:24 GMT+0700 (Indochina Time)
52,65,8,5,0,1,0,0,0,1,3,Sat Apr 04 2026 16:30:24 GMT+0700 (Indochina Time)
52,39,5,5,0,0,0,1,0,1,6,Sat Apr 04 2026 16:30:24 GMT+0700 (Indochina Time)
52,139,16,23,0,0,1,0,0,1,4,Sat Apr 04 2026 16:30:24 GMT+0700 (Indochina Time)
52,9,2,1,1,0,0,0,0,1,1,Sat Apr 04 2026 16:30:24 GMT+0700 (Indochina Time)
52,145,17,1,1,0,0,0,0,1,1,Sat Apr 04 2026 16:30:25 GMT+0700 (Indochina Time)
52,163,19,27,0,0,1,0,0,1,4,Sat Apr 04 2026 16:30:25 GMT+0700 (Indochina Time)
53,180,21,23,0,1,0,0,0,1,3,Sat Apr 04 2026 16:30:24 GMT+0700 (Indochina Time)
53,204,24,1,0,0,0,1,0,1,6,Sat Apr 04 2026 16:30:24 GMT+0700 (Indochina Time)
53,97,12,23,0,0,0,1,0,1,6,Sat Apr 04 2026 16:30:25 GMT+0700 (Indochina Time)
53,209,24,17,0,1,0,0,0,1,3,Sat Apr 04 2026 16:30:25 GMT+0700 (Indochina Time)
53,109,13,23,1,0,0,0,0,1,1,Sat Apr 04 2026 16:30:25 GMT+0700 (Indochina Time)
53,195,23,13,1,0,0,0,0,1,1,Sat Apr 04 2026 16:30:25 GMT+0700 (Indochina Time)
54,98,12,23,0,0,0,1,0,1,6,Sat Apr 04 2026 16:30:23 GMT+0700 (Indochina Time)
54,158,18,7,1,0,0,0,0,1,1,Sat Apr 04 2026 16:30:24 GMT+0700 (Indochina Time)
55,36,5,4,0,0,1,0,0,1,4,Sat Apr 04 2026 16:30:23 GMT+0700 (Indochina Time)
55,31,4,3,0,1,0,0,0,1,3,Sat Apr 04 2026 16:30:24 GMT+0700 (Indochina Time)
55,51,7,1,0,0,1,0,0,1,4,Sat Apr 04 2026 16:30:24 GMT+0700 (Indochina Time)
55,124,14,24,1,0,0,0,0,1,1,Sat Apr 04 2026 16:30:24 GMT+0700 (Indochina Time)
55,103,12,23,0,1,0,0,0,1,3,Sat Apr 04 2026 16:30:25 GMT+0700 (Indochina Time)
56,35,5,5,0,0,1,0,0,1,4,Sat Apr 04 2026 16:30:24 GMT+0700 (Indochina Time)
57,52,7,1,0,0,0,1,0,1,6,Sat Apr 04 2026 16:30:23 GMT+0700 (Indochina Time)
57,6,2,1,0,0,0,1,0,1,6,Sat Apr 04 2026 16:30:24 GMT+0700 (Indochina Time)
57,132,15,2,1,0,0,0,0,1,1,Sat Apr 04 2026 16:30:24 GMT+0700 (Indochina Time)
57,165,19,7,0,1,0,0,0,1,3,Sat Apr 04 2026 16:30:24 GMT+0700 (Indochina Time)
57,203,24,17,1,0,0,0,0,1,1,Sat Apr 04 2026 16:30:25 GMT+0700 (Indochina Time)
59,107,13,23,0,0,1,0,0,1,4,Sat Apr 04 2026 16:30:23 GMT+0700 (Indochina Time)
59,164,19,2,0,0,1,0,0,1,4,Sat Apr 04 2026 16:30:23 GMT+0700 (Indochina Time)
59,126,14,25,1,0,0,0,0,1,1,Sat Apr 04 2026 16:30:24 GMT+0700 (Indochina Time)
59,92,11,11,1,0,0,0,0,1,1,Sat Apr 04 2026 16:30:24 GMT+0700 (Indochina Time)
59,3,1,23,0,1,0,0,0,1,3,Sat Apr 04 2026 16:30:24 GMT+0700 (Indochina Time)
59,208,24,1,0,0,0,1,0,1,6,Sat Apr 04 2026 16:30:24 GMT+0700 (Indochina Time)
59,139,16,23,0,0,0,1,0,1,6,Sat Apr 04 2026 16:30:25 GMT+0700 (Indochina Time)
59,145,17,1,1,0,0,0,0,1,1,Sat Apr 04 2026 16:30:25 GMT+0700 (Indochina Time)
60,151,18,2,0,0,1,0,0,1,4,Sat Apr 04 2026 16:30:25 GMT+0700 (Indochina Time)
60,51,7,1,0,0,1,0,0,1,4,Sat Apr 04 2026 16:30:25 GMT+0700 (Indochina Time)
61,183,22,2,0,0,0,1,0,1,6,Sat Apr 04 2026 16:30:23 GMT+0700 (Indochina Time)
61,154,18,7,1,0,0,0,0,1,1,Sat Apr 04 2026 16:30:24 GMT+0700 (Indochina Time)
61,59,8,9,1,0,0,0,0,1,1,Sat Apr 04 2026 16:30:24 GMT+0700 (Indochina Time)
61,133,15,9,0,0,1,0,0,1,4,Sat Apr 04 2026 16:30:24 GMT+0700 (Indochina Time)
61,214,25,23,0,0,1,0,0,1,4,Sat Apr 04 2026 16:30:24 GMT+0700 (Indochina Time)
61,78,10,8,1,0,0,0,0,1,1,Sat Apr 04 2026 16:30:24 GMT+0700 (Indochina Time)
61,51,7,1,0,0,0,1,0,1,6,Sat Apr 04 2026 16:30:24 GMT+0700 (Indochina Time)
61,137,16,23,0,0,0,1,0,1,6,Sat Apr 04 2026 16:30:25 GMT+0700 (Indochina Time)
61,98,12,23,0,0,0,1,0,1,6,Sat Apr 04 2026 16:30:25 GMT+0700 (Indochina Time)
61,162,19,2,1,0,0,0,0,1,1,Sat Apr 04 2026 16:30:25 GMT+0700 (Indochina Time)
61,130,15,12,1,0,0,0,0,1,1,Sat Apr 04 2026 16:30:25 GMT+0700 (Indochina Time)
61,107,13,23,0,0,1,0,0,1,4,Sat Apr 04 2026 16:30:25 GMT+0700 (Indochina Time)
61,74,9,8,1,0,0,0,0,1,1,Sat Apr 04 2026 16:30:25 GMT+0700 (Indochina Time)
61,84,10,5,0,1,0,0,0,1,3,Sat Apr 04 2026 16:30:25 GMT+0700 (Indochina Time)
61,19,3,2,0,1,0,0,0,1,3,Sat Apr 04 2026 16:30:25 GMT+0700 (Indochina Time)
61,7,2,1,1,0,0,0,0,1,1,Sat Apr 04 2026 16:30:25 GMT+0700 (Indochina Time)
61,92,11,11,0,0,0,1,0,1,6,Sat Apr 04 2026 16:30:25 GMT+0700 (Indochina Time)
62,154,18,7,0,0,0,1,0,1,6,Sat Apr 04 2026 16:30:23 GMT+0700 (Indochina Time)
62,124,14,24,1,0,0,0,0,1,1,Sat Apr 04 2026 16:30:23 GMT+0700 (Indochina Time)
62,157,18,18,0,1,0,0,0,1,3,Sat Apr 04 2026 16:30:23 GMT+0700 (Indochina Time)
62,189,22,13,0,0,1,0,0,1,4,Sat Apr 04 2026 16:30:23 GMT+0700 (Indochina Time)
62,197,23,14,1,0,0,0,0,1,1,Sat Apr 04 2026 16:30:24 GMT+0700 (Indochina Time)
62,156,18,3,1,0,0,0,0,1,1,Sat Apr 04 2026 16:30:24 GMT+0700 (Indochina Time)
62,120,14,24,1,0,0,0,0,1,1,Sat Apr 04 2026 16:30:25 GMT+0700 (Indochina Time)
62,104,12,23,1,0,0,0,0,1,1,Sat Apr 04 2026 16:30:25 GMT+0700 (Indochina Time)
62,213,25,23,0,0,1,0,0,1,4,Sat Apr 04 2026 16:30:25 GMT+0700 (Indochina Time)
62,133,15,9,0,1,0,0,0,1,3,Sat Apr 04 2026 16:30:25 GMT+0700 (Indochina Time)
62,134,15,11,0,0,0,1,0,1,6,Sat Apr 04 2026 16:30:25 GMT+0700 (Indochina Time)
62,5,2,1,1,0,0,0,0,1,1,Sat Apr 04 2026 16:30:25 GMT+0700 (Indochina Time)
63,70,9,7,0,1,0,0,0,1,3,Sat Apr 04 2026 16:30:24 GMT+0700 (Indochina Time)
63,9,2,1,0,1,0,0,0,1,3,Sat Apr 04 2026 16:30:24 GMT+0700 (Indochina Time)
63,205,24,2,1,0,0,0,0,1,1,Sat Apr 04 2026 16:30:25 GMT+0700 (Indochina Time)
63,74,9,8,1,0,0,0,0,1,1,Sat Apr 04 2026 16:30:25 GMT+0700 (Indochina Time)
63,163,19,27,0,0,0,1,0,1,6,Sat Apr 04 2026 16:30:25 GMT+0700 (Indochina Time)
63,63,8,6,0,0,0,1,0,1,6,Sat Apr 04 2026 16:30:25 GMT+0700 (Indochina Time)
64,16,3,2,0,0,0,1,0,1,6,Sat Apr 04 2026 16:30:23 GMT+0700 (Indochina Time)
64,168,19,3,1,0,0,0,0,1,1,Sat Apr 04 2026 16:30:24 GMT+0700 (Indochina Time)
64,138,16,23,1,0,0,0,0,1,1,Sat Apr 04 2026 16:30:24 GMT+0700 (Indochina Time)
64,39,5,5,0,1,0,0,0,1,3,Sat Apr 04 2026 16:30:24 GMT+0700 (Indochina Time)
64,157,18,18,0,0,1,0,0,1,4,Sat Apr 04 2026 16:30:25 GMT+0700 (Indochina Time)
64,11,2,1,1,0,0,0,0,1,1,Sat Apr 04 2026 16:30:25 GMT+0700 (Indochina Time)
64,50,7,1,0,1,0,0,0,1,3,Sat Apr 04 2026 16:30:25 GMT+0700 (Indochina Time)
65,202,23,15,1,0,0,0,0,1,1,Sat Apr 04 2026 16:30:23 GMT+0700 (Indochina Time)
65,140,17,1,1,0,0,0,0,1,1,Sat Apr 04 2026 16:30:24 GMT+0700 (Indochina Time)
65,198,23,14,0,0,0,1,0,1,6,Sat Apr 04 2026 16:30:24 GMT+0700 (Indochina Time)
65,21,3,2,1,0,0,0,0,1,1,Sat Apr 04 2026 16:30:24 GMT+0700 (Indochina Time)
65,99,12,23,1,0,0,0,0,1,1,Sat Apr 04 2026 16:30:24 GMT+0700 (Indochina Time)
65,4,2,1,0,0,0,1,0,1,6,Sat Apr 04 2026 16:30:25 GMT+0700 (Indochina Time)
65,108,13,23,0,0,1,0,0,1,4,Sat Apr 04 2026 16:30:25 GMT+0700 (Indochina Time)
65,199,23,15,0,0,1,0,0,1,4,Sat Apr 04 2026 16:30:25 GMT+0700 (Indochina Time)
65,41,5,19,1,0,0,0,0,1,1,Sat Apr 04 2026 16:30:25 GMT+0700 (Indochina Time)
65,183,22,2,1,0,0,0,0,1,1,Sat Apr 04 2026 16:30:25 GMT+0700 (Indochina Time)
66,138,16,23,0,0,0,1,0,1,6,Sat Apr 04 2026 16:30:23 GMT+0700 (Indochina Time)
66,24,4,3,1,0,0,0,0,1,1,Sat Apr 04 2026 16:30:23 GMT+0700 (Indochina Time)
66,154,18,7,0,0,0,1,0,1,6,Sat Apr 04 2026 16:30:24 GMT+0700 (Indochina Time)
66,32,4,4,0,1,0,0,0,1,3,Sat Apr 04 2026 16:30:25 GMT+0700 (Indochina Time)
66,45,6,23,0,1,0,0,0,1,3,Sat Apr 04 2026 16:30:25 GMT+0700 (Indochina Time)
66,142,17,1,0,0,0,1,0,1,6,Sat Apr 04 2026 16:30:25 GMT+0700 (Indochina Time)
66,21,3,2,0,1,0,0,0,1,3,Sat Apr 04 2026 16:30:25 GMT+0700 (Indochina Time)
67,214,25,23,0,1,1,0,0,2,7,Sat Apr 04 2026 16:30:24 GMT+0700 (Indochina Time)
67,59,8,9,1,0,0,0,0,1,1,Sat Apr 04 2026 16:30:23 GMT+0700 (Indochina Time)
67,114,13,23,1,0,0,0,0,1,1,Sat Apr 04 2026 16:30:24 GMT+0700 (Indochina Time)
67,128,15,9,1,0,0,0,0,1,1,Sat Apr 04 2026 16:30:24 GMT+0700 (Indochina Time)
67,121,14,25,1,0,0,0,0,1,1,Sat Apr 04 2026 16:30:24 GMT+0700 (Indochina Time)
67,34,5,18,1,0,0,0,0,1,1,Sat Apr 04 2026 16:30:24 GMT+0700 (Indochina Time)
67,148,17,1,1,0,0,0,0,1,1,Sat Apr 04 2026 16:30:25 GMT+0700 (Indochina Time)
67,140,17,1,1,0,0,0,0,1,1,Sat Apr 04 2026 16:30:25 GMT+0700 (Indochina Time)
67,126,14,25,1,0,0,0,0,1,1,Sat Apr 04 2026 16:30:25 GMT+0700 (Indochina Time)
69,125,14,5,0,0,0,1,0,1,6,Sat Apr 04 2026 16:30:23 GMT+0700 (Indochina Time)
69,40,5,19,1,0,0,0,0,1,1,Sat Apr 04 2026 16:30:23 GMT+0700 (Indochina Time)
69,88,11,2,1,0,0,0,0,1,1,Sat Apr 04 2026 16:30:24 GMT+0700 (Indochina Time)
69,114,13,23,0,0,0,1,0,1,6,Sat Apr 04 2026 16:30:25 GMT+0700 (Indochina Time)
69,21,3,2,0,1,0,0,0,1,3,Sat Apr 04 2026 16:30:25 GMT+0700 (Indochina Time)
70,40,5,19,1,0,0,0,0,1,1,Sat Apr 04 2026 16:30:23 GMT+0700 (Indochina Time)
70,39,5,5,0,0,0,1,0,1,6,Sat Apr 04 2026 16:30:23 GMT+0700 (Indochina Time)
70,13,2,1,0,1,0,0,0,1,3,Sat Apr 04 2026 16:30:23 GMT+0700 (Indochina Time)
70,11,2,1,1,0,0,0,0,1,1,Sat Apr 04 2026 16:30:24 GMT+0700 (Indochina Time)
70,148,17,1,0,0,0,1,0,1,6,Sat Apr 04 2026 16:30:24 GMT+0700 (Indochina Time)
70,10,2,1,0,0,1,0,0,1,4,Sat Apr 04 2026 16:30:24 GMT+0700 (Indochina Time)
71,37,5,18,0,1,0,0,0,1,3,Sat Apr 04 2026 16:30:23 GMT+0700 (Indochina Time)
71,141,17,1,0,0,0,1,0,1,6,Sat Apr 04 2026 16:30:23 GMT+0700 (Indochina Time)
71,12,2,1,0,0,1,0,0,1,4,Sat Apr 04 2026 16:30:23 GMT+0700 (Indochina Time)
71,168,19,3,1,0,0,0,0,1,1,Sat Apr 04 2026 16:30:23 GMT+0700 (Indochina Time)
71,103,12,23,1,0,0,0,0,1,1,Sat Apr 04 2026 16:30:23 GMT+0700 (Indochina Time)
71,1,1,23,0,0,0,1,0,1,6,Sat Apr 04 2026 16:30:24 GMT+0700 (Indochina Time)
71,130,15,12,0,0,1,0,0,1,4,Sat Apr 04 2026 16:30:25 GMT+0700 (Indochina Time)
71,20,3,2,0,0,0,1,0,1,6,Sat Apr 04 2026 16:30:25 GMT+0700 (Indochina Time)
71,75,9,8,1,0,0,0,0,1,1,Sat Apr 04 2026 16:30:25 GMT+0700 (Indochina Time)
71,84,10,5,1,0,0,0,0,1,1,Sat Apr 04 2026 16:30:25 GMT+0700 (Indochina Time)
72,102,12,23,1,0,0,0,0,1,1,Sat Apr 04 2026 16:30:23 GMT+0700 (Indochina Time)
72,86,10,8,0,0,0,1,0,1,6,Sat Apr 04 2026 16:30:23 GMT+0700 (Indochina Time)
72,80,10,6,1,0,0,0,0,1,1,Sat Apr 04 2026 16:30:23 GMT+0700 (Indochina Time)
72,71,9,7,1,0,0,0,0,1,1,Sat Apr 04 2026 16:30:24 GMT+0700 (Indochina Time)
72,118,14,5,1,0,0,0,0,1,1,Sat Apr 04 2026 16:30:25 GMT+0700 (Indochina Time)
72,163,19,27,0,0,0,1,0,1,6,Sat Apr 04 2026 16:30:25 GMT+0700 (Indochina Time)
73,156,18,3,0,0,0,1,0,1,6,Sat Apr 04 2026 16:30:25 GMT+0700 (Indochina Time)
74,35,5,5,1,0,0,0,0,1,1,Sat Apr 04 2026 16:30:23 GMT+0700 (Indochina Time)
74,167,19,3,1,0,0,0,0,1,1,Sat Apr 04 2026 16:30:24 GMT+0700 (Indochina Time)
74,174,20,2,1,0,0,0,0,1,1,Sat Apr 04 2026 16:30:25 GMT+0700 (Indochina Time)
74,37,5,18,1,0,0,0,0,1,1,Sat Apr 04 2026 16:30:25 GMT+0700 (Indochina Time)
74,149,17,1,0,0,1,0,0,1,4,Sat Apr 04 2026 16:30:25 GMT+0700 (Indochina Time)
74,25,4,3,1,0,0,0,0,1,1,Sat Apr 04 2026 16:30:25 GMT+0700 (Indochina Time)
75,204,24,1,1,0,0,0,0,1,1,Sat Apr 04 2026 16:30:23 GMT+0700 (Indochina Time)
75,165,19,7,1,0,0,0,0,1,1,Sat Apr 04 2026 16:30:23 GMT+0700 (Indochina Time)
75,167,19,3,0,0,0,1,0,1,6,Sat Apr 04 2026 16:30:24 GMT+0700 (Indochina Time)
75,180,21,23,0,0,0,1,0,1,6,Sat Apr 04 2026 16:30:24 GMT+0700 (Indochina Time)
75,145,17,1,0,1,0,0,0,1,3,Sat Apr 04 2026 16:30:24 GMT+0700 (Indochina Time)
75,50,7,1,0,0,1,0,0,1,4,Sat Apr 04 2026 16:30:24 GMT+0700 (Indochina Time)
75,40,5,19,1,0,0,0,0,1,1,Sat Apr 04 2026 16:30:24 GMT+0700 (Indochina Time)
75,72,9,10,0,0,0,1,0,1,6,Sat Apr 04 2026 16:30:24 GMT+0700 (Indochina Time)
75,26,4,3,0,0,0,1,0,1,6,Sat Apr 04 2026 16:30:24 GMT+0700 (Indochina Time)
75,98,12,23,0,0,1,0,0,1,4,Sat Apr 04 2026 16:30:25 GMT+0700 (Indochina Time)
75,146,17,1,0,0,1,0,0,1,4,Sat Apr 04 2026 16:30:25 GMT+0700 (Indochina Time)
75,203,24,17,0,0,1,0,0,1,4,Sat Apr 04 2026 16:30:25 GMT+0700 (Indochina Time)
75,78,10,8,0,1,0,0,0,1,3,Sat Apr 04 2026 16:30:25 GMT+0700 (Indochina Time)
75,66,8,8,0,0,0,1,0,1,6,Sat Apr 04 2026 16:30:25 GMT+0700 (Indochina Time)
75,199,23,15,0,0,0,1,0,1,6,Sat Apr 04 2026 16:30:25 GMT+0700 (Indochina Time)
75,213,25,23,1,0,0,0,0,1,1,Sat Apr 04 2026 16:30:25 GMT+0700 (Indochina Time)
76,195,23,13,1,0,0,0,0,1,1,Sat Apr 04 2026 16:30:23 GMT+0700 (Indochina Time)
76,173,20,7,1,0,0,0,0,1,1,Sat Apr 04 2026 16:30:23 GMT+0700 (Indochina Time)
77,1,1,23,1,0,0,0,0,1,1,Sat Apr 04 2026 16:30:23 GMT+0700 (Indochina Time)
77,35,5,5,0,0,1,0,0,1,4,Sat Apr 04 2026 16:30:24 GMT+0700 (Indochina Time)
77,168,19,3,1,0,0,0,0,1,1,Sat Apr 04 2026 16:30:24 GMT+0700 (Indochina Time)
77,156,18,3,0,1,0,0,0,1,3,Sat Apr 04 2026 16:30:24 GMT+0700 (Indochina Time)
77,155,18,3,1,0,0,0,0,1,1,Sat Apr 04 2026 16:30:24 GMT+0700 (Indochina Time)
77,157,18,18,1,0,0,0,0,1,1,Sat Apr 04 2026 16:30:24 GMT+0700 (Indochina Time)
77,62,8,8,0,0,0,1,0,1,6,Sat Apr 04 2026 16:30:24 GMT+0700 (Indochina Time)
77,136,15,12,1,0,0,0,0,1,1,Sat Apr 04 2026 16:30:24 GMT+0700 (Indochina Time)
77,215,25,23,0,0,0,1,0,1,6,Sat Apr 04 2026 16:30:25 GMT+0700 (Indochina Time)
77,208,24,1,1,0,0,0,0,1,1,Sat Apr 04 2026 16:30:25 GMT+0700 (Indochina Time)
77,154,18,7,0,0,0,1,0,1,6,Sat Apr 04 2026 16:30:25 GMT+0700 (Indochina Time)
77,129,15,9,1,0,0,0,0,1,1,Sat Apr 04 2026 16:30:25 GMT+0700 (Indochina Time)
77,143,17,1,0,0,0,1,0,1,6,Sat Apr 04 2026 16:30:25 GMT+0700 (Indochina Time)
77,16,3,2,1,0,0,0,0,1,1,Sat Apr 04 2026 16:30:25 GMT+0700 (Indochina Time)
77,205,24,2,0,0,1,0,0,1,4,Sat Apr 04 2026 16:30:25 GMT+0700 (Indochina Time)
78,39,5,5,0,0,0,1,0,1,6,Sat Apr 04 2026 16:30:24 GMT+0700 (Indochina Time)
79,63,8,6,0,0,0,1,0,1,6,Sat Apr 04 2026 16:30:23 GMT+0700 (Indochina Time)
79,39,5,5,0,0,0,1,0,1,6,Sat Apr 04 2026 16:30:23 GMT+0700 (Indochina Time)
79,82,10,6,0,0,0,1,0,1,6,Sat Apr 04 2026 16:30:23 GMT+0700 (Indochina Time)
79,182,21,23,0,0,0,1,0,1,6,Sat Apr 04 2026 16:30:24 GMT+0700 (Indochina Time)
79,100,12,23,0,0,1,0,0,1,4,Sat Apr 04 2026 16:30:24 GMT+0700 (Indochina Time)
79,101,12,23,0,0,1,0,0,1,4,Sat Apr 04 2026 16:30:25 GMT+0700 (Indochina Time)
80,166,19,7,1,0,1,0,0,2,5,Sat Apr 04 2026 16:30:25 GMT+0700 (Indochina Time)
80,121,14,25,0,1,0,0,0,1,3,Sat Apr 04 2026 16:30:24 GMT+0700 (Indochina Time)
80,32,4,4,1,0,0,0,0,1,1,Sat Apr 04 2026 16:30:25 GMT+0700 (Indochina Time)
80,47,7,1,1,0,0,0,0,1,1,Sat Apr 04 2026 16:30:25 GMT+0700 (Indochina Time)
80,136,15,12,0,1,0,0,0,1,3,Sat Apr 04 2026 16:30:25 GMT+0700 (Indochina Time)
80,163,19,27,0,0,1,0,0,1,4,Sat Apr 04 2026 16:30:25 GMT+0700 (Indochina Time)
80,165,19,7,0,0,0,1,0,1,6,Sat Apr 04 2026 16:30:25 GMT+0700 (Indochina Time)
81,54,7,1,0,1,0,0,0,1,3,Sat Apr 04 2026 16:30:23 GMT+0700 (Indochina Time)
81,152,18,2,1,0,0,0,0,1,1,Sat Apr 04 2026 16:30:23 GMT+0700 (Indochina Time)
81,160,19,2,1,0,0,0,0,1,1,Sat Apr 04 2026 16:30:24 GMT+0700 (Indochina Time)
81,16,3,2,1,0,0,0,0,1,1,Sat Apr 04 2026 16:30:25 GMT+0700 (Indochina Time)
81,46,6,23,0,1,0,0,0,1,3,Sat Apr 04 2026 16:30:25 GMT+0700 (Indochina Time)
82,142,17,1,0,0,0,1,0,1,6,Sat Apr 04 2026 16:30:23 GMT+0700 (Indochina Time)
82,128,15,9,1,0,0,0,0,1,1,Sat Apr 04 2026 16:30:23 GMT+0700 (Indochina Time)
82,154,18,7,0,0,1,0,0,1,4,Sat Apr 04 2026 16:30:23 GMT+0700 (Indochina Time)
82,205,24,2,0,0,0,1,0,1,6,Sat Apr 04 2026 16:30:23 GMT+0700 (Indochina Time)
82,59,8,9,0,0,0,1,0,1,6,Sat Apr 04 2026 16:30:23 GMT+0700 (Indochina Time)
82,180,21,23,0,0,0,1,0,1,6,Sat Apr 04 2026 16:30:23 GMT+0700 (Indochina Time)
82,1,1,23,1,0,0,0,0,1,1,Sat Apr 04 2026 16:30:23 GMT+0700 (Indochina Time)
82,33,4,3,1,0,0,0,0,1,1,Sat Apr 04 2026 16:30:24 GMT+0700 (Indochina Time)
82,181,21,23,0,1,0,0,0,1,3,Sat Apr 04 2026 16:30:24 GMT+0700 (Indochina Time)
82,87,11,5,0,0,1,0,0,1,4,Sat Apr 04 2026 16:30:24 GMT+0700 (Indochina Time)
82,159,18,2,0,0,0,1,0,1,6,Sat Apr 04 2026 16:30:24 GMT+0700 (Indochina Time)
82,177,20,17,1,0,0,0,0,1,1,Sat Apr 04 2026 16:30:24 GMT+0700 (Indochina Time)
82,51,7,1,1,0,0,0,0,1,1,Sat Apr 04 2026 16:30:24 GMT+0700 (Indochina Time)
82,13,2,1,0,1,0,0,0,1,3,Sat Apr 04 2026 16:30:25 GMT+0700 (Indochina Time)
83,167,19,3,1,0,0,0,0,1,1,Sat Apr 04 2026 16:30:23 GMT+0700 (Indochina Time)
83,164,19,2,0,0,1,0,0,1,4,Sat Apr 04 2026 16:30:24 GMT+0700 (Indochina Time)
83,127,15,5,0,0,0,1,0,1,6,Sat Apr 04 2026 16:30:24 GMT+0700 (Indochina Time)
83,124,14,24,0,1,0,0,0,1,3,Sat Apr 04 2026 16:30:24 GMT+0700 (Indochina Time)
83,56,7,1,1,0,0,0,0,1,1,Sat Apr 04 2026 16:30:24 GMT+0700 (Indochina Time)
83,41,5,19,0,1,0,0,0,1,3,Sat Apr 04 2026 16:30:25 GMT+0700 (Indochina Time)
83,18,3,2,0,0,0,1,0,1,6,Sat Apr 04 2026 16:30:25 GMT+0700 (Indochina Time)
84,121,14,25,0,0,1,0,0,1,4,Sat Apr 04 2026 16:30:24 GMT+0700 (Indochina Time)
84,19,3,2,1,0,0,0,0,1,1,Sat Apr 04 2026 16:30:24 GMT+0700 (Indochina Time)
84,194,23,13,0,0,0,1,0,1,6,Sat Apr 04 2026 16:30:24 GMT+0700 (Indochina Time)
84,203,24,17,1,0,0,0,0,1,1,Sat Apr 04 2026 16:30:25 GMT+0700 (Indochina Time)
84,60,8,6,0,0,1,0,0,1,4,Sat Apr 04 2026 16:30:25 GMT+0700 (Indochina Time)
85,87,11,5,0,1,0,0,0,1,3,Sat Apr 04 2026 16:30:23 GMT+0700 (Indochina Time)
85,19,3,2,1,0,0,0,0,1,1,Sat Apr 04 2026 16:30:24 GMT+0700 (Indochina Time)
85,6,2,1,1,0,0,0,0,1,1,Sat Apr 04 2026 16:30:25 GMT+0700 (Indochina Time)
85,94,11,12,0,0,0,1,0,1,6,Sat Apr 04 2026 16:30:25 GMT+0700 (Indochina Time)
86,132,15,2,0,0,0,1,0,1,6,Sat Apr 04 2026 16:30:24 GMT+0700 (Indochina Time)
86,48,7,1,1,0,0,0,0,1,1,Sat Apr 04 2026 16:30:25 GMT+0700 (Indochina Time)
87,184,22,15,0,1,0,0,0,1,3,Sat Apr 04 2026 16:30:23 GMT+0700 (Indochina Time)
87,10,2,1,0,0,1,0,0,1,4,Sat Apr 04 2026 16:30:23 GMT+0700 (Indochina Time)
87,39,5,5,0,0,0,1,0,1,6,Sat Apr 04 2026 16:30:24 GMT+0700 (Indochina Time)
87,112,13,23,0,1,0,0,0,1,3,Sat Apr 04 2026 16:30:24 GMT+0700 (Indochina Time)
87,4,2,1,0,0,1,0,0,1,4,Sat Apr 04 2026 16:30:24 GMT+0700 (Indochina Time)
87,214,25,23,1,0,0,0,0,1,1,Sat Apr 04 2026 16:30:24 GMT+0700 (Indochina Time)
87,40,5,19,0,0,0,1,0,1,6,Sat Apr 04 2026 16:30:24 GMT+0700 (Indochina Time)
87,66,8,8,1,0,0,0,0,1,1,Sat Apr 04 2026 16:30:24 GMT+0700 (Indochina Time)
87,20,3,2,0,1,0,0,0,1,3,Sat Apr 04 2026 16:30:24 GMT+0700 (Indochina Time)
87,90,11,12,0,1,0,0,0,1,3,Sat Apr 04 2026 16:30:25 GMT+0700 (Indochina Time)
87,21,3,2,1,0,0,0,0,1,1,Sat Apr 04 2026 16:30:25 GMT+0700 (Indochina Time)
87,1,1,23,0,1,0,0,0,1,3,Sat Apr 04 2026 16:30:25 GMT+0700 (Indochina Time)
87,150,18,18,0,0,0,1,0,1,6,Sat Apr 04 2026 16:30:25 GMT+0700 (Indochina Time)
87,193,23,17,0,1,0,0,0,1,3,Sat Apr 04 2026 16:30:25 GMT+0700 (Indochina Time)
87,34,5,18,0,1,0,0,0,1,3,Sat Apr 04 2026 16:30:25 GMT+0700 (Indochina Time)
87,86,10,8,0,1,0,0,0,1,3,Sat Apr 04 2026 16:30:25 GMT+0700 (Indochina Time)
87,177,20,17,0,0,1,0,0,1,4,Sat Apr 04 2026 16:30:25 GMT+0700 (Indochina Time)
87,73,9,8,0,0,0,1,0,1,6,Sat Apr 04 2026 16:30:25 GMT+0700 (Indochina Time)
87,159,18,2,0,1,0,0,0,1,3,Sat Apr 04 2026 16:30:25 GMT+0700 (Indochina Time)
88,164,19,2,0,0,0,1,0,1,6,Sat Apr 04 2026 16:30:23 GMT+0700 (Indochina Time)
88,94,11,12,0,0,1,0,0,1,4,Sat Apr 04 2026 16:30:23 GMT+0700 (Indochina Time)
88,151,18,2,0,1,0,0,0,1,3,Sat Apr 04 2026 16:30:23 GMT+0700 (Indochina Time)
88,27,4,3,1,0,0,0,0,1,1,Sat Apr 04 2026 16:30:24 GMT+0700 (Indochina Time)
88,73,9,8,1,0,0,0,0,1,1,Sat Apr 04 2026 16:30:24 GMT+0700 (Indochina Time)
88,206,24,17,1,0,0,0,0,1,1,Sat Apr 04 2026 16:30:24 GMT+0700 (Indochina Time)
88,168,19,3,0,1,0,0,0,1,3,Sat Apr 04 2026 16:30:24 GMT+0700 (Indochina Time)
88,9,2,1,1,0,0,0,0,1,1,Sat Apr 04 2026 16:30:24 GMT+0700 (Indochina Time)
88,149,17,1,0,1,0,0,0,1,3,Sat Apr 04 2026 16:30:25 GMT+0700 (Indochina Time)
88,162,19,2,0,0,1,0,0,1,4,Sat Apr 04 2026 16:30:25 GMT+0700 (Indochina Time)
89,40,5,19,0,0,0,1,0,1,6,Sat Apr 04 2026 16:30:23 GMT+0700 (Indochina Time)
89,38,5,4,0,0,0,1,0,1,6,Sat Apr 04 2026 16:30:23 GMT+0700 (Indochina Time)
89,124,14,24,1,0,0,0,0,1,1,Sat Apr 04 2026 16:30:23 GMT+0700 (Indochina Time)
89,165,19,7,0,0,0,1,0,1,6,Sat Apr 04 2026 16:30:24 GMT+0700 (Indochina Time)
89,99,12,23,1,0,0,0,0,1,1,Sat Apr 04 2026 16:30:25 GMT+0700 (Indochina Time)
89,208,24,1,0,1,0,0,0,1,3,Sat Apr 04 2026 16:30:25 GMT+0700 (Indochina Time)
89,49,7,1,0,0,0,1,0,1,6,Sat Apr 04 2026 16:30:25 GMT+0700 (Indochina Time)
90,156,18,3,0,0,1,0,0,1,4,Sat Apr 04 2026 16:30:24 GMT+0700 (Indochina Time)
90,134,15,11,0,0,0,1,0,1,6,Sat Apr 04 2026 16:30:25 GMT+0700 (Indochina Time)
91,137,16,23,0,0,1,0,0,1,4,Sat Apr 04 2026 16:30:23 GMT+0700 (Indochina Time)
91,108,13,23,0,1,0,0,0,1,3,Sat Apr 04 2026 16:30:24 GMT+0700 (Indochina Time)
91,24,4,3,0,1,0,0,0,1,3,Sat Apr 04 2026 16:30:24 GMT+0700 (Indochina Time)
91,129,15,9,0,0,1,0,0,1,4,Sat Apr 04 2026 16:30:24 GMT+0700 (Indochina Time)
91,105,12,23,0,1,0,0,0,1,3,Sat Apr 04 2026 16:30:25 GMT+0700 (Indochina Time)
91,200,23,15,0,0,1,0,0,1,4,Sat Apr 04 2026 16:30:25 GMT+0700 (Indochina Time)
92,156,18,3,2,0,0,0,0,2,2,Sat Apr 04 2026 16:30:23 GMT+0700 (Indochina Time)
92,203,24,17,0,0,1,0,0,1,4,Sat Apr 04 2026 16:30:23 GMT+0700 (Indochina Time)
92,200,23,15,0,0,0,1,0,1,6,Sat Apr 04 2026 16:30:23 GMT+0700 (Indochina Time)
92,18,3,2,0,0,0,1,0,1,6,Sat Apr 04 2026 16:30:24 GMT+0700 (Indochina Time)
92,198,23,14,0,0,0,1,0,1,6,Sat Apr 04 2026 16:30:24 GMT+0700 (Indochina Time)
92,45,6,23,0,0,1,0,0,1,4,Sat Apr 04 2026 16:30:24 GMT+0700 (Indochina Time)
92,145,17,1,1,0,0,0,0,1,1,Sat Apr 04 2026 16:30:25 GMT+0700 (Indochina Time)
92,74,9,8,1,0,0,0,0,1,1,Sat Apr 04 2026 16:30:25 GMT+0700 (Indochina Time)
93,28,4,4,0,0,0,1,0,1,6,Sat Apr 04 2026 16:30:25 GMT+0700 (Indochina Time)
94,79,10,7,1,0,0,0,0,1,1,Sat Apr 04 2026 16:30:23 GMT+0700 (Indochina Time)
94,204,24,1,0,0,1,0,0,1,4,Sat Apr 04 2026 16:30:24 GMT+0700 (Indochina Time)
94,48,7,1,1,0,0,0,0,1,1,Sat Apr 04 2026 16:30:24 GMT+0700 (Indochina Time)
94,82,10,6,0,1,0,0,0,1,3,Sat Apr 04 2026 16:30:25 GMT+0700 (Indochina Time)
94,127,15,5,0,1,0,0,0,1,3,Sat Apr 04 2026 16:30:25 GMT+0700 (Indochina Time)
94,86,10,8,0,0,1,0,0,1,4,Sat Apr 04 2026 16:30:25 GMT+0700 (Indochina Time)
95,195,23,13,0,0,1,0,0,1,4,Sat Apr 04 2026 16:30:23 GMT+0700 (Indochina Time)
95,22,3,2,0,1,0,0,0,1,3,Sat Apr 04 2026 16:30:23 GMT+0700 (Indochina Time)
96,199,23,15,1,0,0,0,0,1,1,Sat Apr 04 2026 16:30:23 GMT+0700 (Indochina Time)
96,136,15,12,0,0,1,0,0,1,4,Sat Apr 04 2026 16:30:24 GMT+0700 (Indochina Time)
96,23,3,2,1,0,0,0,0,1,1,Sat Apr 04 2026 16:30:24 GMT+0700 (Indochina Time)
96,29,4,3,1,0,0,0,0,1,1,Sat Apr 04 2026 16:30:24 GMT+0700 (Indochina Time)
96,206,24,17,0,0,0,1,0,1,6,Sat Apr 04 2026 16:30:25 GMT+0700 (Indochina Time)
98,130,15,12,0,0,0,1,0,1,6,Sat Apr 04 2026 16:30:24 GMT+0700 (Indochina Time)
98,204,24,1,1,0,0,0,0,1,1,Sat Apr 04 2026 16:30:24 GMT+0700 (Indochina Time)
98,95,11,9,0,0,1,0,0,1,4,Sat Apr 04 2026 16:30:25 GMT+0700 (Indochina Time)
98,169,19,7,1,0,0,0,0,1,1,Sat Apr 04 2026 16:30:25 GMT+0700 (Indochina Time)
98,133,15,9,1,0,0,0,0,1,1,Sat Apr 04 2026 16:30:25 GMT+0700 (Indochina Time)
99,50,7,1,1,0,0,0,0,1,1,Sat Apr 04 2026 16:30:24 GMT+0700 (Indochina Time)
99,1,1,23,0,0,1,0,0,1,4,Sat Apr 04 2026 16:30:24 GMT+0700 (Indochina Time)
100,113,13,23,0,1,0,0,0,1,3,Sat Apr 04 2026 16:30:23 GMT+0700 (Indochina Time)
100,206,24,17,0,1,0,0,0,1,3,Sat Apr 04 2026 16:30:24 GMT+0700 (Indochina Time)
100,146,17,1,0,1,0,0,0,1,3,Sat Apr 04 2026 16:30:24 GMT+0700 (Indochina Time)
100,105,12,23,0,1,0,0,0,1,3,Sat Apr 04 2026 16:30:25 GMT+0700 (Indochina Time)
100,208,24,1,0,0,1,0,0,1,4,Sat Apr 04 2026 16:30:25 GMT+0700 (Indochina Time)
101,16,3,2,0,0,0,1,0,1,6,Sat Apr 04 2026 16:30:23 GMT+0700 (Indochina Time)
101,142,17,1,0,1,0,0,0,1,3,Sat Apr 04 2026 16:30:24 GMT+0700 (Indochina Time)
101,210,24,16,1,0,0,0,0,1,1,Sat Apr 04 2026 16:30:24 GMT+0700 (Indochina Time)
101,208,24,1,0,0,0,1,0,1,6,Sat Apr 04 2026 16:30:24 GMT+0700 (Indochina Time)
101,195,23,13,1,0,0,0,0,1,1,Sat Apr 04 2026 16:30:24 GMT+0700 (Indochina Time)
101,100,12,23,1,0,0,0,0,1,1,Sat Apr 04 2026 16:30:25 GMT+0700 (Indochina Time)
102,214,25,23,6,0,1,0,0,7,10,Wed Apr 08 2026 23:33:38 GMT+0700 (Indochina Time)
102,203,24,17,2,1,0,0,0,3,5,Wed Apr 08 2026 23:34:04 GMT+0700 (Indochina Time)
102,213,25,23,2,1,0,0,0,3,5,Wed Apr 08 2026 23:33:15 GMT+0700 (Indochina Time)
102,137,16,23,1,0,0,0,0,1,1,Sun Apr 05 2026 23:31:46 GMT+0700 (Indochina Time)
102,2,1,23,1,0,0,0,0,1,1,Sun Apr 05 2026 23:32:01 GMT+0700 (Indochina Time)
102,208,24,1,1,0,0,0,0,1,1,Wed Apr 08 2026 23:25:32 GMT+0700 (Indochina Time)
102,209,24,17,1,0,0,0,0,1,1,Wed Apr 08 2026 23:29:02 GMT+0700 (Indochina Time)
103,203,24,17,4,1,0,1,0,6,13,Thu Apr 09 2026 22:39:43 GMT+0700 (Indochina Time)
103,191,22,15,2,1,0,1,0,4,11,Thu Apr 09 2026 22:39:43 GMT+0700 (Indochina Time)
103,214,25,23,1,2,0,1,0,4,13,Thu Apr 09 2026 22:40:59 GMT+0700 (Indochina Time)
103,215,25,23,1,1,1,0,0,3,8,Thu Apr 09 2026 15:55:16 GMT+0700 (Indochina Time)
103,213,25,23,1,0,1,0,0,2,5,Thu Apr 09 2026 15:55:02 GMT+0700 (Indochina Time)
103,198,23,14,1,0,0,0,0,1,1,Thu Apr 09 2026 09:48:13 GMT+0700 (Indochina Time)
103,200,23,15,1,0,0,0,0,1,1,Thu Apr 09 2026 09:49:00 GMT+0700 (Indochina Time)
103,207,24,16,1,0,0,0,0,1,1,Thu Apr 09 2026 09:53:06 GMT+0700 (Indochina Time)
